student_id,first_name,last_name,age,grade,Math_Score,Science_Score,English_Score,History_Score,attendance_rate,study_hours_per_week,extracurricular,parent_education,average_score
S1000,Samuel,Ramirez,17,11,94,84.0,72,88,0.83,23.3,Yes,Bachelors,84.5
S1001,Matthew,Clark,18,10,45,57.0,62,46,0.94,3.5,Yes,Bachelors,52.5
S1002,Benjamin,Garcia,17,11,67,97.0,54,40,0.76,17.8,No,Masters,64.5
S1003,Sophia,Thomas,14,12,56,77.0,72,71,0.91,5.5,No,Bachelors,69.0
S1004,Jacob,Lewis,17,9,44,74.0,64,52,0.77,22.2,No,High School,58.5
S1005,Samuel,Williams,16,10,70,90.0,56,69,,24.1,No,Bachelors,71.25
S1006,Oliver,Martin,17,10,44,54.0,72,62,0.98,12.2,No,PhD,58.0
S1007,Michael,Ramirez,15,12,77,64.0,86,90,0.67,22.1,Yes,Masters,79.25
S1008,Logan,Clark,15,9,42,94.0,94,98,0.64,1.1,Yes,Bachelors,82.0
S1009,Logan,Brown,16,9,92,76.0,41,95,0.91,20.7,Yes,High School,76.0
S1010,Emily,Jackson,14,10,62,67.0,53,58,0.63,6.5,No,Bachelors,60.0
S1011,Grace,Sanchez,15,11,76,49.0,92,71,0.93,22.8,No,Masters,72.0
S1012,Victoria,Williams,18,10,92,78.0,79,69,0.77,1.0,Yes,Masters,79.5
S1013,Emily,Jackson,15,9,76,96.0,79,68,0.97,14.3,No,Bachelors,79.75
S1014,Noah,Martin,15,12,49,56.0,90,88,0.89,19.2,No,Masters,70.75
S1015,Abigail,Miller,14,10,49,78.0,78,84,0.84,7.2,No,Masters,72.25
S1016,Emma,Martin,17,9,58,61.0,90,68,0.98,5.6,No,High School,69.25
S1017,Emily,Rodriguez,15,10,56,65.0,45,69,0.76,3.0,Yes,Bachelors,58.75
S1018,Avery,Smith,16,11,60,83.0,45,55,0.98,8.8,No,High School,60.75
S1019,Chloe,Davis,17,10,53,64.0,42,79,0.65,14.4,No,High School,59.5
S1020,Emma,Miller,18,10,48,56.0,46,58,0.79,3.8,Yes,Masters,52.0
S1021,Jacob,Moore,14,9,85,52.0,90,57,0.71,10.0,No,Bachelors,71.0
S1022,Jackson,Davis,18,9,40,59.0,47,40,0.82,1.2,Yes,Bachelors,46.5
S1023,Mia,Smith,17,9,90,,81,53,0.66,20.6,No,High School,74.67
S1024,Abigail,Hernandez,17,10,84,43.0,91,90,0.94,4.1,No,Bachelors,77.0
S1025,Alexander,Ramirez,17,11,52,49.0,54,86,0.94,7.8,No,High School,60.25
S1026,Daniel,Harris,18,12,43,42.0,86,89,0.98,1.4,No,High School,65.0
S1027,Sofia,Harris,17,12,40,80.0,68,41,0.66,11.4,Yes,Bachelors,57.25
S1028,Charlotte,Moore,18,9,88,84.0,72,93,0.85,21.2,No,High School,84.25
S1029,Benjamin,Thompson,17,9,79,57.0,91,67,0.79,10.4,Yes,Bachelors,73.5
S1030,Noah,Robinson,16,10,71,86.0,69,88,0.74,5.3,Yes,High School,78.5
S1031,Aiden,Martinez,17,12,73,75.0,78,89,0.74,19.1,No,High School,78.75
S1032,Lucas,Williams,18,9,67,86.0,66,69,0.77,19.9,Yes,High School,72.0
S1033,Jacob,Miller,15,11,70,61.0,75,77,0.88,,No,Bachelors,70.75
S1034,Mason,Ramirez,17,11,47,73.0,68,90,,19.5,No,Bachelors,69.5
S1035,Samuel,Thomas,15,9,78,86.0,77,43,0.78,23.7,Yes,Bachelors,71.0
S1036,Harper,Sanchez,16,9,65,47.0,96,40,0.63,5.0,Yes,Bachelors,62.0
S1037,Olivia,Thomas,14,12,97,79.0,72,47,0.63,19.5,Yes,Masters,73.75
S1038,Alexander,Harris,16,12,73,88.0,76,68,0.6,18.0,No,High School,76.25
S1039,Amelia,Martin,17,10,93,83.0,66,94,0.99,12.4,No,Bachelors,84.0
S1040,Mason,Ramirez,15,12,93,58.0,94,78,0.6,2.4,Yes,Masters,80.75
S1041,Elizabeth,Taylor,15,11,42,81.0,72,42,0.64,2.8,No,Bachelors,59.25
S1042,Emma,Johnson,18,11,98,80.0,43,71,0.73,21.5,No,Bachelors,73.0
S1043,Evelyn,Smith,15,9,89,76.0,61,49,0.92,24.8,Yes,PhD,68.75
S1044,Sofia,Thomas,18,12,51,45.0,41,49,0.98,17.2,No,Masters,46.5
S1045,Lucas,Robinson,14,10,40,91.0,49,58,0.92,11.7,No,High School,59.5
S1046,Sophia,Lopez,17,11,93,65.0,44,85,0.88,16.5,No,Bachelors,71.75
S1047,Sebastian,Jones,18,11,83,73.0,98,73,0.81,15.3,Yes,Bachelors,81.75
S1048,Amelia,Jones,14,10,44,98.0,49,99,0.63,10.2,Yes,Bachelors,72.5
S1049,Elijah,Clark,15,10,69,95.0,72,72,0.98,2.6,Yes,Bachelors,77.0
S1050,Grace,Thompson,15,11,69,98.0,93,62,0.9,20.7,No,Bachelors,80.5
S1051,Victoria,Rodriguez,14,11,98,84.0,77,94,0.86,9.9,Yes,Bachelors,88.25
S1052,Olivia,Rodriguez,15,10,96,45.0,52,67,0.9,20.7,No,Bachelors,65.0
S1053,Emma,Williams,14,11,56,76.0,70,71,0.89,7.1,No,Masters,68.25
S1054,Ava,Jackson,18,9,87,96.0,86,89,0.85,1.0,No,Bachelors,89.5
S1055,Olivia,Thomas,18,9,86,72.0,75,46,0.99,4.8,No,High School,69.75
S1056,Matthew,Thomas,14,10,62,92.0,84,68,0.96,12.2,No,Bachelors,76.5
S1057,Harper,Williams,18,12,54,61.0,63,47,0.86,23.7,No,High School,56.25
S1058,Elizabeth,Martin,18,10,76,60.0,91,40,0.88,3.5,No,Bachelors,66.75
S1059,Scarlett,White,18,10,60,45.0,95,96,0.62,21.5,Yes,Bachelors,74.0
S1060,Isabella,Perez,16,12,53,45.0,54,94,0.87,13.6,No,High School,61.5
S1061,Grace,White,17,12,41,94.0,68,42,0.62,20.8,Yes,Bachelors,61.25
S1062,Amelia,Smith,15,12,50,87.0,47,63,0.84,8.2,Yes,High School,61.75
S1063,Henry,White,16,9,90,43.0,44,62,1.0,21.2,Yes,High School,59.75
S1064,Benjamin,Martin,18,11,78,69.0,68,98,0.82,19.5,No,Bachelors,78.25
S1065,Sophia,Hernandez,14,9,77,50.0,86,47,0.79,6.5,Yes,Bachelors,65.0
S1066,Amelia,Taylor,18,11,99,69.0,43,93,0.73,4.2,Yes,PhD,76.0
S1067,Michael,Davis,17,9,73,70.0,51,96,0.65,21.8,Yes,Bachelors,72.5
S1068,Victoria,Brown,18,11,77,63.0,84,86,0.89,24.1,Yes,Bachelors,77.5
S1069,Jacob,Garcia,14,9,89,94.0,41,76,0.68,1.8,No,Bachelors,75.0
S1070,Charlotte,Davis,17,12,73,48.0,66,42,0.65,18.6,No,High School,57.25
S1071,Harper,Martin,18,10,57,94.0,70,90,0.77,22.8,Yes,PhD,77.75
S1072,Emily,Robinson,17,9,69,42.0,90,72,0.92,,No,Bachelors,68.25
S1073,Elizabeth,Williams,15,11,54,90.0,90,67,0.9,24.1,No,Masters,75.25
S1074,Alexander,Thomas,15,12,66,70.0,75,86,0.62,19.2,Yes,High School,74.25
S1075,Matthew,Robinson,18,9,90,79.0,75,47,0.78,11.6,Yes,Bachelors,72.75
S1076,Benjamin,Harris,17,9,73,,65,73,0.81,8.5,No,Bachelors,70.33
S1077,Liam,Williams,14,12,91,75.0,82,74,0.86,8.7,No,Masters,80.5
S1078,Alexander,Harris,18,9,96,63.0,66,71,0.86,,Yes,High School,74.0
S1079,Lucas,Lewis,15,10,77,70.0,44,63,0.75,18.9,No,Bachelors,63.5
S1080,Mason,Moore,15,9,72,45.0,59,53,0.82,5.8,Yes,PhD,57.25
S1081,Emily,Wilson,18,10,63,41.0,50,71,0.79,21.8,No,Bachelors,56.25
S1082,Liam,Moore,17,10,54,59.0,49,95,0.95,18.2,Yes,Bachelors,64.25
S1083,Sophia,Johnson,15,12,99,67.0,79,85,0.81,14.5,Yes,High School,82.5
S1084,Emily,Perez,17,9,69,50.0,77,82,0.78,12.3,Yes,PhD,69.5
S1085,Logan,Williams,15,12,94,43.0,45,55,0.76,14.0,No,High School,59.25
S1086,Elijah,Thomas,15,9,81,54.0,47,43,0.83,4.8,No,Masters,56.25
S1087,Sophia,Lewis,16,9,90,45.0,62,91,0.92,5.9,Yes,Masters,72.0
S1088,Sebastian,Rodriguez,15,11,56,93.0,86,76,0.82,3.2,Yes,High School,77.75
S1089,Sebastian,Brown,14,9,44,88.0,65,93,0.86,4.7,No,Bachelors,72.5
S1090,Jackson,Smith,18,12,68,69.0,85,60,0.9,11.9,Yes,High School,70.5
S1091,Ethan,Brown,18,10,43,95.0,82,53,0.81,13.7,Yes,High School,68.25
S1092,Samuel,Smith,17,9,49,77.0,51,70,0.77,1.4,No,Masters,61.75
S1093,Sofia,Wilson,15,11,95,90.0,65,94,0.95,20.1,Yes,Masters,86.0
S1094,Lucas,Lee,14,12,56,96.0,52,87,0.77,8.1,No,Bachelors,72.75
S1095,Mason,Thomas,17,9,49,41.0,79,57,0.78,22.9,No,Bachelors,56.5
S1096,Sophia,Martin,16,12,56,54.0,57,46,1.0,24.2,Yes,High School,53.25
S1097,Mia,White,17,11,99,50.0,64,49,0.6,5.5,Yes,High School,65.5
S1098,Scarlett,Davis,17,11,59,47.0,72,46,0.67,12.1,Yes,High School,56.0
S1099,Jackson,Miller,15,12,63,65.0,86,72,0.75,1.0,No,High School,71.5
S1100,Michael,Williams,16,9,44,90.0,79,62,0.97,15.4,No,Bachelors,68.75
S1101,Emily,Taylor,17,10,73,84.0,99,60,0.63,15.6,No,Bachelors,79.0
S1102,Aiden,Smith,14,11,45,83.0,82,58,0.6,6.9,Yes,Bachelors,67.0
S1103,Sebastian,Thomas,14,9,92,44.0,51,87,0.62,14.4,No,High School,68.5
S1104,Victoria,Lopez,18,9,41,45.0,83,58,0.64,6.4,No,Bachelors,56.75
S1105,Abigail,Clark,16,10,52,65.0,75,75,0.62,4.9,No,Masters,66.75
S1106,Daniel,Jackson,16,11,82,93.0,87,68,0.79,16.6,No,High School,82.5
S1107,Sebastian,Perez,18,11,82,43.0,43,99,0.83,8.8,No,PhD,66.75
S1108,Liam,Thompson,17,9,87,58.0,44,57,0.71,15.2,No,Masters,61.5
S1109,Sebastian,Perez,16,9,50,59.0,95,41,0.76,11.4,No,High School,61.25
S1110,Aiden,Wilson,14,10,90,72.0,76,40,0.64,24.6,Yes,Masters,69.5
S1111,Amelia,Robinson,14,10,86,59.0,47,86,0.73,4.6,Yes,Bachelors,69.5
S1112,Noah,Garcia,15,11,96,88.0,81,44,0.81,12.2,No,Bachelors,77.25
S1113,Liam,Garcia,16,12,62,51.0,88,59,0.89,17.3,Yes,Bachelors,65.0
S1114,Ethan,Gonzalez,17,11,94,86.0,67,50,0.6,10.5,No,Bachelors,74.25
S1115,Elizabeth,Jackson,18,9,55,40.0,70,81,,24.4,No,Bachelors,61.5
S1116,Amelia,Perez,18,11,70,65.0,97,41,0.72,18.3,No,Bachelors,68.25
S1117,Samuel,Davis,17,12,50,53.0,48,42,0.94,16.8,Yes,Bachelors,48.25
S1118,Daniel,Clark,15,10,93,77.0,93,62,0.89,19.2,Yes,Bachelors,81.25
S1119,Mason,Clark,18,12,55,76.0,90,94,0.84,23.9,Yes,Bachelors,78.75
S1120,Benjamin,Johnson,16,12,47,50.0,68,51,0.71,22.8,No,Masters,54.0
S1121,Benjamin,Lee,15,12,43,75.0,53,59,0.96,18.4,No,High School,57.5
S1122,Elizabeth,Robinson,16,10,79,52.0,79,44,0.62,19.0,No,High School,63.5
S1123,James,Smith,14,12,43,82.0,80,76,0.64,4.5,No,Masters,70.25
S1124,Ella,Ramirez,15,12,95,42.0,61,77,0.76,3.5,No,Bachelors,68.75
S1125,Samuel,Anderson,18,12,64,72.0,50,69,0.65,14.7,No,High School,63.75
S1126,Ella,Smith,15,9,42,45.0,62,48,0.98,1.4,Yes,High School,49.25
S1127,Olivia,Jones,15,12,71,89.0,40,73,0.92,12.6,No,High School,68.25
S1128,Avery,Ramirez,15,10,42,95.0,85,92,0.7,6.0,Yes,PhD,78.5
S1129,Aiden,Lewis,15,12,66,49.0,76,83,0.84,9.3,Yes,Bachelors,68.5
S1130,Michael,Thomas,16,12,68,44.0,60,74,,,No,PhD,61.5
S1131,Samuel,Jackson,14,10,71,,65,91,0.95,23.6,Yes,Bachelors,75.67
S1132,Benjamin,Brown,17,12,89,49.0,85,97,0.84,2.7,No,Bachelors,80.0
S1133,Matthew,Williams,15,10,97,83.0,75,61,0.96,13.8,No,Bachelors,79.0
S1134,Grace,Taylor,18,12,90,41.0,93,83,1.0,22.2,No,Bachelors,76.75
S1135,James,Taylor,15,10,58,52.0,62,63,0.9,3.0,Yes,High School,58.75
S1136,Ella,Lopez,18,12,60,79.0,96,56,0.63,20.8,No,Masters,72.75
S1137,Lucas,Ramirez,16,12,44,41.0,40,49,0.76,9.6,No,Masters,43.5
S1138,Abigail,Robinson,18,9,57,59.0,93,69,0.94,8.7,No,Bachelors,69.5
S1139,Sofia,Lewis,17,9,67,40.0,94,95,0.69,24.5,No,PhD,74.0
S1140,Emma,Wilson,14,12,81,76.0,90,98,0.93,,Yes,Masters,86.25
S1141,Ava,Lee,18,12,61,48.0,79,85,0.65,17.6,No,Bachelors,68.25
S1142,Sofia,Garcia,18,11,60,56.0,54,62,0.62,20.7,Yes,High School,58.0
S1143,Sofia,Williams,14,10,45,48.0,60,71,0.75,2.0,No,Bachelors,56.0
S1144,Evelyn,Ramirez,17,11,40,50.0,86,56,0.61,17.1,No,Bachelors,58.0
S1145,Avery,Rodriguez,15,9,44,54.0,48,89,0.98,23.8,No,High School,58.75
S1146,Logan,Jones,18,9,80,63.0,92,90,0.93,4.0,No,High School,81.25
S1147,Sofia,White,14,9,51,77.0,48,56,0.92,22.5,No,Masters,58.0
S1148,Alexander,Lewis,16,9,65,94.0,49,53,0.85,15.3,No,High School,65.25
S1149,Samuel,Taylor,14,12,85,74.0,91,48,0.69,15.8,No,Bachelors,74.5
S1150,Jackson,Wilson,16,9,73,69.0,96,79,0.81,15.7,No,PhD,79.25
S1151,Liam,Lee,17,12,88,70.0,92,41,0.84,8.2,Yes,Masters,72.75
S1152,Daniel,Williams,15,12,53,88.0,65,84,0.81,23.4,Yes,High School,72.5
S1153,James,Ramirez,14,9,65,44.0,80,64,0.7,23.7,No,Masters,63.25
S1154,Noah,Smith,18,9,84,99.0,74,78,0.81,16.0,Yes,High School,83.75
S1155,Samuel,Martin,17,10,66,83.0,91,48,0.8,19.8,No,High School,72.0
S1156,Ava,Lewis,14,11,48,89.0,64,93,1.0,15.7,Yes,Bachelors,73.5
S1157,Sophia,Lee,18,9,65,53.0,65,61,0.96,12.6,No,Bachelors,61.0
S1158,Daniel,Thompson,14,10,96,92.0,50,82,0.79,,No,Bachelors,80.0
S1159,Mason,Smith,16,10,86,95.0,77,85,0.85,14.3,No,Bachelors,85.75
S1160,Aiden,Williams,14,11,96,50.0,41,43,0.9,15.3,No,High School,57.5
S1161,Jackson,Moore,14,12,61,,46,65,0.61,19.8,No,High School,57.33
S1162,Emily,Harris,14,9,86,73.0,57,97,0.96,12.5,No,Bachelors,78.25
S1163,Benjamin,Martinez,17,11,95,51.0,66,68,0.94,2.0,No,Masters,70.0
S1164,Ella,Perez,14,9,69,74.0,73,84,0.78,4.9,Yes,Bachelors,75.0
S1165,Ella,Sanchez,18,10,82,74.0,66,73,0.76,11.5,No,High School,73.75
S1166,Emily,Williams,16,10,87,40.0,56,62,,18.4,No,Bachelors,61.25
S1167,Mia,Davis,16,12,56,79.0,82,76,0.79,15.2,Yes,High School,73.25
S1168,Samuel,Wilson,14,10,65,61.0,98,50,0.62,16.6,Yes,High School,68.5
S1169,Emma,White,17,10,75,99.0,83,45,0.94,12.5,No,Masters,75.5
S1170,Noah,Moore,17,11,40,68.0,98,57,0.61,15.8,Yes,High School,65.75
S1171,Aiden,Anderson,18,9,47,47.0,90,60,0.73,8.9,Yes,High School,61.0
S1172,Elijah,Perez,14,9,88,50.0,93,81,0.97,12.3,No,Bachelors,78.0
S1173,Emma,Thompson,16,11,74,80.0,63,75,0.89,18.9,No,Bachelors,73.0
S1174,Emma,Johnson,17,12,91,76.0,64,80,0.71,21.9,No,Bachelors,77.75
S1175,Sofia,Clark,14,9,54,53.0,46,77,0.7,11.4,No,High School,57.5
S1176,Michael,Martinez,17,10,86,99.0,91,73,0.6,2.0,No,High School,87.25
S1177,Aiden,Johnson,17,9,95,69.0,45,56,0.88,4.9,No,High School,66.25
S1178,Ella,Sanchez,16,10,61,74.0,92,76,0.62,1.5,Yes,High School,75.75
S1179,Jackson,Taylor,15,12,53,60.0,63,64,0.81,16.7,No,Bachelors,60.0
S1180,Liam,Davis,18,11,65,76.0,72,77,0.98,9.0,Yes,Masters,72.5
S1181,Oliver,Smith,18,9,67,44.0,88,97,0.64,14.0,No,Masters,74.0
S1182,Emma,Rodriguez,16,11,62,58.0,68,51,0.96,12.8,No,Masters,59.75
S1183,Elizabeth,Hernandez,17,9,53,98.0,82,62,1.0,3.0,No,Bachelors,73.75
S1184,Ella,Perez,14,10,63,53.0,61,92,0.62,10.7,Yes,Bachelors,67.25
S1185,Ava,Thomas,17,11,41,65.0,65,81,0.95,6.3,No,Bachelors,63.0
S1186,Ella,Miller,16,9,84,,67,61,0.81,11.0,No,Bachelors,70.67
S1187,Olivia,Lewis,18,10,65,64.0,89,60,0.96,5.9,Yes,Bachelors,69.5
S1188,Logan,Martinez,17,11,53,84.0,60,66,,21.2,Yes,High School,65.75
S1189,Elijah,Thompson,18,11,98,81.0,88,96,0.86,5.2,No,Bachelors,90.75
S1190,Chloe,Sanchez,14,9,95,64.0,46,70,0.82,24.1,Yes,PhD,68.75
S1191,Emily,Williams,18,9,90,57.0,56,45,0.95,11.0,No,High School,62.0
S1192,Ethan,Moore,18,9,46,79.0,59,66,0.89,21.3,No,High School,62.5
S1193,Scarlett,Harris,15,10,42,47.0,80,79,0.81,16.1,Yes,Bachelors,62.0
S1194,Ava,White,15,9,86,78.0,88,73,0.95,18.6,No,Masters,81.25
S1195,Abigail,Gonzalez,15,11,62,79.0,59,51,0.7,19.4,Yes,Bachelors,62.75
S1196,Logan,Ramirez,18,11,85,53.0,93,84,0.66,13.1,No,Bachelors,78.75
S1197,Charlotte,Sanchez,16,9,82,71.0,61,96,0.66,14.0,Yes,High School,77.5
S1198,Jackson,Miller,18,9,86,,67,92,0.73,13.3,Yes,Bachelors,81.67
S1199,Mason,Harris,16,12,99,77.0,79,46,0.7,15.1,No,Bachelors,75.25
