tamanho_m2,preco
93.67182020405161,285976.9884191986
191.62143208968575,579924.605737524
154.43897010793887,468309.9679698756
131.77194231349623,400082.0913329648
56.52316887521421,174798.0711885456
56.51906845715445,174707.5919780007
39.87421406859391,124780.84859519033
177.24994478173898,536567.9568542581
132.1895519963455,401849.2148512237
150.37233822532772,455836.6444634247
33.499364030286415,105615.46350961931
194.88467486753905,590092.1157277791
171.51524893607169,519347.6395431889
66.09764881530694,203179.68690000026
60.910244425207104,187750.66354863884
61.17876667508375,188435.60489442802
81.72118130312141,249853.411223151
119.20859337748043,362639.4927274025
103.43065316915968,315079.49876473384
79.50895383366714,243621.57998712844
134.0149921028045,406861.0914615668
53.71395631084711,166451.85581354483
79.66459025098709,243837.12009449402
92.28151335992759,281780.12777654163
107.5318973168961,327758.3953941623
163.47991343681232,495193.5674471502
63.944542966921155,196879.1208876843
117.41985453031397,357520.9921417984
130.71047670654724,396809.93347272946
37.89657016239961,118726.6372589053
133.28262482324453,404899.8510285833
58.98910102683956,182123.66765487415
41.05877080749752,127928.92228031694
191.31054133306665,578667.532676583
194.15744562267508,587576.7251811486
167.4275491797984,507342.04447404185
81.78434075947303,250403.12084848827
46.60425938108526,144882.06778515517
146.31961450706666,443822.8385768843
104.82592393573222,319524.22254662885
50.746499923612404,157298.11426549696
114.18007471891593,347397.3538731425
35.84604858958713,112911.30067099034
184.58446835339296,558848.1716443613
73.99259687200288,226739.5299165681
142.62878834017692,433017.6757422575
82.99088293519986,253777.71247155414
118.41156360022784,360392.107721432
122.94074748835754,374053.96158087417
61.425257439339596,189111.63585434842
194.82938671997496,589680.8353857738
161.77257997138946,490400.2960995557
189.71482006591214,574308.8722297353
182.1206495727003,551741.3073146316
131.64299639788447,399879.9115704528
186.71861995392987,565005.1126289181
45.043725348826314,139953.27316055383
63.31708661125468,194788.09777677097
37.68863911479147,118050.49700249158
85.30615622975495,260986.69908422817
96.07513924721194,293280.7559015018
76.12933540156232,233553.44285449415
170.88537655582797,517658.73004585947
90.64806553791018,277234.90342916205
77.75886664685473,238223.6685739166
122.25833413690223,372319.03624402464
53.95711824570965,166996.48820668194
166.37348672818675,503949.02867327695
42.67360942556104,132806.6497770709
197.77077922208795,598408.8321493125
161.28161078043175,488800.1397842301
63.78166586080931,196487.79768124633
30.938759911012408,97910.92725795193
168.6284428373218,510870.76272943406
150.1657484540949,455327.886618671
153.93121856696786,466490.6862559664
161.11595893661078,488258.57381941896
42.58759079479536,132934.05214325077
90.93917385252635,277860.3403064051
49.697740119272055,153844.07260207378
176.7275823988509,535217.383381723
135.96068156068486,412959.1081580004
86.25266422495037,263581.2211876109
40.804919548624014,127445.50366706116
82.86699469166257,253612.6258186769
85.281164744547,260614.90017407486
154.0330503174709,467170.7084244823
138.38477013038624,420266.4672964324
180.8261662379755,547695.1089625616
110.27653727753138,336040.3722430011
50.331021809511284,155717.53155494243
151.25161382790915,458567.27647574444
159.33345826487258,483103.3818480594
125.41712358681436,381354.1279506255
161.06442059227535,488296.27131408727
113.94525138194642,347606.3004439702
118.86458099493899,361707.9210869556
102.68197312095344,313273.03249089647
34.321251546496185,108154.5549921872
48.341542588861756,150154.90601684642
35.34296156674482,110965.83085130638
138.18976991484266,419721.1035886266
83.44051678297554,255166.98530601908
116.45701749799947,354323.68877265044
184.2863005674358,557761.8289927415
72.37967895530875,222155.4116938035
99.76509691605706,304758.22246150585
158.44369355231828,479957.62761843647
68.89568813357582,211824.31643880234
43.08658467089481,133937.2108384465
79.25774699534057,242678.85461286383
57.40761883318075,177440.64661893572
188.04860089823742,569158.6586985314
167.38046452595088,506925.84462226677
137.67863860677198,417892.85507846397
178.148300331912,539580.820545523
166.62425307284946,504726.6858922049
61.716910010626094,190194.0217497947
181.73502974329622,550214.2035978694
121.68818112566062,369934.2233074607
167.26482637789064,507223.267951537
182.33552098699386,552133.3467654452
84.06059074521686,256776.74371831905
48.708827169705046,151163.772372069
68.74897763213008,211114.57560343656
102.60832406646357,312995.45886634995
169.06251020682382,512029.0264727849
176.32419915357838,533949.6501724417
31.181862190302418,98646.58402670335
116.82704143818617,355654.2753533925
100.95987053529242,307639.5523244661
67.75832778002413,208208.08309290418
50.37711244672607,156036.34827794603
87.39457913861676,267053.07156933553
190.29464966512825,576237.039843441
84.94449844352839,259914.49167277737
118.19440569637224,359331.04029824975
149.51322301218022,453723.24142595165
91.81703240447997,280875.52845284244
195.20295406256332,590815.3552398002
193.6160401401589,585544.2464272858
72.8029902903119,223312.12405636243
114.53224600170553,348850.1202349539
81.14931266885084,248306.40411342875
78.42288404416949,240357.41601813774
36.27078105027057,113967.26996149757
133.62593677658248,405692.4242354318
115.45543394890645,351354.39677550696
38.751387712498186,120605.90966948074
77.36989892022395,236904.81923240496
